"Id","Species"
"sample_1","species1"
"sample_2","species2"
"sample_3","species1"
"sample_4","species2"
"sample_5","species2"
"sample_6","species3"
"sample_7","species2"
"sample_8","species4"
"sample_9","species2"
"sample_10","species2"
"sample_11","species3"
"sample_12","species2"
"sample_13","species4"
"sample_14","species1"
"sample_15","species3"
"sample_16","species4"
"sample_17","species3"
"sample_18","species3"
"sample_19","species2"
"sample_20","species1"
"sample_21","species2"
"sample_22","species3"
"sample_23","species3"
"sample_24","species3"
"sample_25","species3"
"sample_26","species1"
"sample_27","species2"
"sample_28","species2"
"sample_29","species2"
"sample_30","species2"
"sample_31","species4"
"sample_32","species1"
"sample_33","species1"
"sample_34","species2"
"sample_35","species3"
"sample_36","species3"
"sample_37","species2"
"sample_38","species3"
"sample_39","species4"
"sample_40","species1"
"sample_41","species3"
"sample_42","species2"
"sample_43","species2"
"sample_44","species4"
"sample_45","species3"
"sample_46","species2"
"sample_47","species4"
"sample_48","species2"
"sample_49","species2"
"sample_50","species2"
"sample_51","species3"
"sample_52","species1"
"sample_53","species2"
"sample_54","species2"
"sample_55","species1"
"sample_56","species1"
"sample_57","species1"
"sample_58","species2"
"sample_59","species2"
"sample_60","species1"
"sample_61","species2"
"sample_62","species4"
"sample_63","species1"
"sample_64","species2"
"sample_65","species3"
"sample_66","species1"
"sample_67","species4"
"sample_68","species1"
"sample_69","species2"
"sample_70","species1"
"sample_71","species4"
"sample_72","species4"
"sample_73","species1"
"sample_74","species1"
"sample_75","species2"
"sample_76","species1"
"sample_77","species3"
"sample_78","species4"
"sample_79","species2"
"sample_80","species2"
"sample_81","species3"
"sample_82","species2"
"sample_83","species2"
"sample_84","species3"
"sample_85","species4"
"sample_86","species1"
"sample_87","species2"
"sample_88","species1"
"sample_89","species2"
"sample_90","species3"
"sample_91","species2"
"sample_92","species3"
"sample_93","species2"
"sample_94","species2"
"sample_95","species1"
"sample_96","species4"
"sample_97","species1"
"sample_98","species3"
"sample_99","species4"
"sample_100","species2"
"sample_101","species2"
"sample_102","species3"
"sample_103","species2"
"sample_104","species2"
"sample_105","species1"
"sample_106","species3"
"sample_107","species4"
"sample_108","species3"
"sample_109","species2"
"sample_110","species1"
"sample_111","species3"
"sample_112","species4"
"sample_113","species1"
"sample_114","species3"
"sample_115","species2"
"sample_116","species3"
"sample_117","species1"
"sample_118","species2"
"sample_119","species1"
"sample_120","species1"
"sample_121","species2"
"sample_122","species2"
"sample_123","species2"
"sample_124","species2"
"sample_125","species3"
"sample_126","species3"
"sample_127","species2"
"sample_128","species1"
"sample_129","species2"
"sample_130","species3"
"sample_131","species2"
"sample_132","species3"
"sample_133","species3"
"sample_134","species1"
"sample_135","species3"
"sample_136","species1"
"sample_137","species3"
"sample_138","species4"
"sample_139","species2"
"sample_140","species3"
"sample_141","species2"
"sample_142","species2"
"sample_143","species2"
"sample_144","species3"
"sample_145","species4"
"sample_146","species1"
"sample_147","species1"
"sample_148","species1"
"sample_149","species1"
"sample_150","species4"
"sample_151","species1"
"sample_152","species3"
"sample_153","species1"
"sample_154","species3"
"sample_155","species3"
"sample_156","species3"
"sample_157","species3"
"sample_158","species3"
"sample_159","species2"
"sample_160","species1"
"sample_161","species2"
"sample_162","species2"
"sample_163","species1"
"sample_164","species2"
"sample_165","species3"
"sample_166","species4"
"sample_167","species3"
"sample_168","species4"
"sample_169","species2"
"sample_170","species2"
"sample_171","species3"
"sample_172","species3"
"sample_173","species3"
"sample_174","species3"
"sample_175","species2"
"sample_176","species2"
"sample_177","species3"
"sample_178","species2"
"sample_179","species3"
"sample_180","species2"
"sample_181","species3"
"sample_182","species2"
"sample_183","species4"
"sample_184","species2"
"sample_185","species1"
"sample_186","species2"
"sample_187","species2"
"sample_188","species4"
"sample_189","species3"
"sample_190","species2"
"sample_191","species1"
"sample_192","species1"
"sample_193","species3"
"sample_194","species2"
"sample_195","species1"
"sample_196","species1"
"sample_197","species1"
"sample_198","species2"
"sample_199","species3"
"sample_200","species2"
"sample_201","species4"
"sample_202","species1"
"sample_203","species1"
"sample_204","species3"
"sample_205","species2"
"sample_206","species1"
"sample_207","species3"
"sample_208","species2"
"sample_209","species4"
"sample_210","species3"
"sample_211","species4"
"sample_212","species1"
"sample_213","species3"
"sample_214","species1"
"sample_215","species3"
"sample_216","species3"
"sample_217","species2"
"sample_218","species2"
"sample_219","species3"
"sample_220","species2"
"sample_221","species2"
"sample_222","species2"
"sample_223","species2"
"sample_224","species2"
"sample_225","species2"
"sample_226","species1"
"sample_227","species1"
"sample_228","species3"
"sample_229","species3"
"sample_230","species2"
"sample_231","species1"
"sample_232","species3"
"sample_233","species2"
"sample_234","species4"
"sample_235","species3"
"sample_236","species4"
"sample_237","species3"
"sample_238","species2"
"sample_239","species1"
"sample_240","species4"
"sample_241","species2"
"sample_242","species3"
"sample_243","species1"
"sample_244","species4"
"sample_245","species3"
"sample_246","species2"
"sample_247","species4"
"sample_248","species2"
"sample_249","species3"
"sample_250","species1"
"sample_251","species1"
"sample_252","species2"
"sample_253","species2"
"sample_254","species2"
"sample_255","species3"
"sample_256","species2"
"sample_257","species3"
"sample_258","species4"
"sample_259","species4"
"sample_260","species2"
"sample_261","species4"
"sample_262","species3"
"sample_263","species3"
"sample_264","species3"
"sample_265","species1"
"sample_266","species2"
"sample_267","species2"
"sample_268","species1"
"sample_269","species3"
"sample_270","species3"
"sample_271","species1"
"sample_272","species3"
"sample_273","species3"
"sample_274","species4"
"sample_275","species1"
"sample_276","species1"
"sample_277","species2"
"sample_278","species2"
"sample_279","species2"
"sample_280","species1"
"sample_281","species2"
"sample_282","species3"
"sample_283","species2"
"sample_284","species1"
"sample_285","species3"
"sample_286","species3"
"sample_287","species2"
"sample_288","species1"
"sample_289","species2"
"sample_290","species1"
"sample_291","species2"
"sample_292","species2"
"sample_293","species2"
"sample_294","species4"
"sample_295","species2"
"sample_296","species2"
"sample_297","species4"
"sample_298","species3"
"sample_299","species3"
"sample_300","species3"
"sample_301","species4"
"sample_302","species3"
"sample_303","species4"
"sample_304","species3"
"sample_305","species1"
"sample_306","species2"
"sample_307","species1"
"sample_308","species4"
"sample_309","species2"
"sample_310","species2"
"sample_311","species4"
"sample_312","species2"
"sample_313","species2"
"sample_314","species2"
"sample_315","species3"
"sample_316","species3"
"sample_317","species3"
"sample_318","species3"
"sample_319","species3"
"sample_320","species4"
"sample_321","species2"
"sample_322","species3"
"sample_323","species4"
"sample_324","species3"
"sample_325","species2"
"sample_326","species3"
"sample_327","species2"
"sample_328","species3"
"sample_329","species2"
"sample_330","species3"
"sample_331","species1"
"sample_332","species1"
"sample_333","species4"
"sample_334","species3"
"sample_335","species2"
"sample_336","species3"
"sample_337","species3"
"sample_338","species2"
"sample_339","species3"
"sample_340","species3"
"sample_341","species3"
"sample_342","species3"
"sample_343","species1"
"sample_344","species3"
"sample_345","species1"
"sample_346","species2"
"sample_347","species3"
"sample_348","species2"
"sample_349","species2"
"sample_350","species3"
"sample_351","species4"
"sample_352","species2"
"sample_353","species2"
"sample_354","species1"
"sample_355","species1"
"sample_356","species1"
"sample_357","species1"
"sample_358","species3"
"sample_359","species2"
"sample_360","species4"
"sample_361","species2"
"sample_362","species2"
"sample_363","species1"
"sample_364","species1"
"sample_365","species1"
"sample_366","species1"
"sample_367","species1"
"sample_368","species4"
"sample_369","species3"
"sample_370","species3"
"sample_371","species2"
"sample_372","species2"
"sample_373","species3"
"sample_374","species3"
"sample_375","species2"
"sample_376","species3"
"sample_377","species1"
"sample_378","species3"
"sample_379","species2"
"sample_380","species3"
"sample_381","species2"
"sample_382","species3"
"sample_383","species2"
"sample_384","species2"
"sample_385","species2"
"sample_386","species3"
"sample_387","species1"
"sample_388","species1"
"sample_389","species4"
"sample_390","species4"
"sample_391","species1"
"sample_392","species2"
"sample_393","species3"
"sample_394","species2"
"sample_395","species2"
"sample_396","species3"
"sample_397","species2"
"sample_398","species1"
"sample_399","species1"
"sample_400","species2"
"sample_401","species2"
"sample_402","species3"
"sample_403","species2"
"sample_404","species2"
"sample_405","species4"
"sample_406","species2"
"sample_407","species2"
"sample_408","species2"
"sample_409","species1"
"sample_410","species1"
"sample_411","species2"
"sample_412","species3"
"sample_413","species3"
"sample_414","species3"
"sample_415","species3"
"sample_416","species2"
"sample_417","species1"
"sample_418","species3"
"sample_419","species4"
"sample_420","species2"
"sample_421","species2"
"sample_422","species3"
"sample_423","species2"
"sample_424","species1"
"sample_425","species4"
"sample_426","species1"
"sample_427","species2"
"sample_428","species3"
"sample_429","species3"
"sample_430","species2"
"sample_431","species1"
"sample_432","species1"
"sample_433","species1"
"sample_434","species2"
"sample_435","species3"
"sample_436","species2"
"sample_437","species4"
"sample_438","species3"
"sample_439","species1"
"sample_440","species3"
"sample_441","species2"
"sample_442","species3"
"sample_443","species3"
"sample_444","species2"
"sample_445","species2"
"sample_446","species3"
"sample_447","species1"
"sample_448","species3"
"sample_449","species3"
"sample_450","species1"
"sample_451","species2"
"sample_452","species4"
"sample_453","species3"
"sample_454","species4"
"sample_455","species4"
"sample_456","species1"
"sample_457","species4"
"sample_458","species3"
"sample_459","species3"
"sample_460","species3"
"sample_461","species2"
"sample_462","species2"
"sample_463","species2"
"sample_464","species3"
"sample_465","species2"
"sample_466","species2"
"sample_467","species1"
"sample_468","species2"
"sample_469","species2"
"sample_470","species1"
"sample_471","species2"
"sample_472","species4"
"sample_473","species3"
"sample_474","species3"
"sample_475","species2"
"sample_476","species3"
"sample_477","species3"
"sample_478","species3"
"sample_479","species2"
"sample_480","species3"
"sample_481","species1"
"sample_482","species1"
"sample_483","species2"
"sample_484","species2"
"sample_485","species3"
"sample_486","species2"
"sample_487","species2"
"sample_488","species3"
"sample_489","species2"
"sample_490","species1"
"sample_491","species2"
"sample_492","species2"
"sample_493","species1"
"sample_494","species1"
"sample_495","species1"
"sample_496","species1"
"sample_497","species1"
"sample_498","species3"
"sample_499","species4"
"sample_500","species2"
"sample_501","species4"
"sample_502","species2"
"sample_503","species3"
"sample_504","species1"
"sample_505","species3"
"sample_506","species1"
"sample_507","species2"
"sample_508","species2"
"sample_509","species4"
"sample_510","species3"
"sample_511","species1"
"sample_512","species2"
"sample_513","species1"
"sample_514","species1"
"sample_515","species2"
"sample_516","species2"
"sample_517","species2"
"sample_518","species2"
"sample_519","species2"
"sample_520","species2"
"sample_521","species3"
"sample_522","species2"
"sample_523","species4"
"sample_524","species1"
"sample_525","species2"
"sample_526","species3"
"sample_527","species1"
"sample_528","species3"
"sample_529","species4"
"sample_530","species3"
"sample_531","species2"
"sample_532","species4"
"sample_533","species2"
"sample_534","species1"
"sample_535","species3"
"sample_536","species3"
"sample_537","species1"
"sample_538","species3"
"sample_539","species2"
"sample_540","species1"
"sample_541","species3"
"sample_542","species3"
"sample_543","species2"
"sample_544","species2"
"sample_545","species3"
"sample_546","species4"
"sample_547","species1"
"sample_548","species3"
"sample_549","species2"
"sample_550","species2"
"sample_551","species1"
"sample_552","species1"
"sample_553","species3"
"sample_554","species2"
"sample_555","species2"
"sample_556","species1"
"sample_557","species3"
"sample_558","species2"
"sample_559","species2"
"sample_560","species1"
"sample_561","species3"
"sample_562","species3"
"sample_563","species1"
"sample_564","species2"
"sample_565","species1"
"sample_566","species1"
"sample_567","species3"
"sample_568","species2"
"sample_569","species2"
"sample_570","species2"
"sample_571","species2"
"sample_572","species2"
"sample_573","species4"
"sample_574","species2"
"sample_575","species2"
"sample_576","species1"
"sample_577","species2"
"sample_578","species3"
"sample_579","species2"
"sample_580","species3"
"sample_581","species1"
"sample_582","species3"
"sample_583","species4"
"sample_584","species3"
"sample_585","species2"
"sample_586","species2"
"sample_587","species2"
"sample_588","species1"
"sample_589","species3"
"sample_590","species4"
"sample_591","species3"
"sample_592","species1"
"sample_593","species2"
"sample_594","species3"
"sample_595","species3"
"sample_596","species2"
"sample_597","species2"
"sample_598","species1"
"sample_599","species1"
"sample_600","species3"
"sample_601","species3"
"sample_602","species1"
"sample_603","species3"
"sample_604","species2"
"sample_605","species3"
"sample_606","species3"
"sample_607","species1"
"sample_608","species2"
"sample_609","species1"
"sample_610","species3"
"sample_611","species2"
"sample_612","species3"
"sample_613","species2"
"sample_614","species2"
"sample_615","species3"
"sample_616","species3"
"sample_617","species1"
"sample_618","species3"
"sample_619","species4"
"sample_620","species3"
"sample_621","species2"
"sample_622","species2"
"sample_623","species2"
"sample_624","species2"
"sample_625","species3"
"sample_626","species1"
"sample_627","species3"
"sample_628","species2"
"sample_629","species3"
"sample_630","species4"
"sample_631","species2"
"sample_632","species1"
"sample_633","species3"
"sample_634","species2"
"sample_635","species2"
"sample_636","species4"
"sample_637","species1"
"sample_638","species3"
"sample_639","species2"
"sample_640","species3"
"sample_641","species1"
"sample_642","species2"
"sample_643","species3"
"sample_644","species2"
"sample_645","species2"
"sample_646","species1"
"sample_647","species1"
"sample_648","species2"
"sample_649","species3"
"sample_650","species3"
"sample_651","species4"
"sample_652","species2"
"sample_653","species3"
"sample_654","species4"
"sample_655","species3"
"sample_656","species2"
"sample_657","species3"
"sample_658","species3"
"sample_659","species3"
"sample_660","species2"
"sample_661","species1"
"sample_662","species2"
"sample_663","species2"
"sample_664","species2"
"sample_665","species2"
"sample_666","species1"
"sample_667","species1"
"sample_668","species4"
"sample_669","species1"
"sample_670","species3"
"sample_671","species2"
"sample_672","species2"
"sample_673","species1"
"sample_674","species2"
"sample_675","species2"
"sample_676","species3"
"sample_677","species4"
"sample_678","species3"
"sample_679","species4"
"sample_680","species1"
"sample_681","species2"
"sample_682","species2"
"sample_683","species1"
"sample_684","species2"
"sample_685","species2"
"sample_686","species1"
"sample_687","species1"
"sample_688","species3"
"sample_689","species2"
"sample_690","species3"
"sample_691","species2"
"sample_692","species4"
"sample_693","species2"
"sample_694","species2"
"sample_695","species3"
"sample_696","species3"
"sample_697","species3"
"sample_698","species3"
"sample_699","species3"
"sample_700","species3"
"sample_701","species3"
"sample_702","species1"
"sample_703","species1"
"sample_704","species2"
"sample_705","species3"
"sample_706","species2"
"sample_707","species2"
"sample_708","species2"
"sample_709","species1"
"sample_710","species1"
"sample_711","species2"
"sample_712","species1"
"sample_713","species2"
"sample_714","species2"
"sample_715","species2"
"sample_716","species1"
"sample_717","species2"
"sample_718","species2"
"sample_719","species4"
"sample_720","species2"
"sample_721","species3"
"sample_722","species1"
"sample_723","species1"
"sample_724","species3"
"sample_725","species1"
"sample_726","species2"
"sample_727","species2"
"sample_728","species1"
"sample_729","species3"
"sample_730","species3"
"sample_731","species1"
"sample_732","species2"
"sample_733","species2"
"sample_734","species4"
"sample_735","species1"
"sample_736","species4"
"sample_737","species1"
"sample_738","species3"
"sample_739","species3"
"sample_740","species3"
"sample_741","species4"
"sample_742","species2"
"sample_743","species1"
"sample_744","species3"
"sample_745","species2"
"sample_746","species2"
"sample_747","species4"
"sample_748","species4"
"sample_749","species1"
"sample_750","species3"
"sample_751","species2"
"sample_752","species3"
"sample_753","species3"
"sample_754","species3"
"sample_755","species3"
"sample_756","species1"
"sample_757","species1"
"sample_758","species3"
"sample_759","species3"
"sample_760","species2"
"sample_761","species1"
"sample_762","species1"
"sample_763","species1"
"sample_764","species1"
"sample_765","species2"
"sample_766","species1"
"sample_767","species1"
"sample_768","species1"
"sample_769","species1"
"sample_770","species2"
"sample_771","species2"
"sample_772","species1"
"sample_773","species3"
"sample_774","species3"
"sample_775","species4"
"sample_776","species2"
"sample_777","species3"
"sample_778","species1"
"sample_779","species3"
"sample_780","species4"
"sample_781","species4"
"sample_782","species2"
"sample_783","species4"
"sample_784","species3"
"sample_785","species3"
"sample_786","species1"
"sample_787","species2"
"sample_788","species1"
"sample_789","species3"
"sample_790","species3"
"sample_791","species3"
"sample_792","species2"
"sample_793","species3"
"sample_794","species1"
"sample_795","species1"
"sample_796","species3"
"sample_797","species3"
"sample_798","species3"
"sample_799","species4"
"sample_800","species2"
"sample_801","species1"
"sample_802","species2"
"sample_803","species1"
"sample_804","species3"
"sample_805","species1"
"sample_806","species3"
"sample_807","species1"
"sample_808","species3"
"sample_809","species2"
"sample_810","species3"
"sample_811","species2"
"sample_812","species2"
"sample_813","species3"
"sample_814","species4"
"sample_815","species1"
"sample_816","species2"
"sample_817","species2"
"sample_818","species1"
"sample_819","species3"
"sample_820","species2"
"sample_821","species4"
"sample_822","species3"
"sample_823","species2"
"sample_824","species3"
"sample_825","species1"
"sample_826","species3"
"sample_827","species3"
"sample_828","species2"
"sample_829","species2"
"sample_830","species1"
"sample_831","species4"
"sample_832","species2"
"sample_833","species3"
"sample_834","species2"
"sample_835","species3"
"sample_836","species3"
"sample_837","species3"
"sample_838","species4"
"sample_839","species3"
"sample_840","species1"
"sample_841","species1"
"sample_842","species3"
"sample_843","species2"
"sample_844","species1"
"sample_845","species1"
"sample_846","species4"
"sample_847","species1"
"sample_848","species2"
"sample_849","species1"
"sample_850","species3"
"sample_851","species4"
"sample_852","species2"
"sample_853","species1"
"sample_854","species1"
"sample_855","species3"
"sample_856","species2"
"sample_857","species1"
"sample_858","species4"
"sample_859","species1"
"sample_860","species2"
"sample_861","species4"
"sample_862","species1"
"sample_863","species3"
"sample_864","species2"
"sample_865","species1"
"sample_866","species3"
"sample_867","species4"
"sample_868","species2"
"sample_869","species4"
"sample_870","species2"
"sample_871","species2"
"sample_872","species3"
"sample_873","species2"
"sample_874","species1"
"sample_875","species3"
"sample_876","species3"
"sample_877","species1"
"sample_878","species1"
"sample_879","species2"
"sample_880","species2"
"sample_881","species2"
"sample_882","species3"
"sample_883","species4"
"sample_884","species2"
"sample_885","species2"
"sample_886","species4"
"sample_887","species1"
"sample_888","species1"
"sample_889","species1"
"sample_890","species1"
"sample_891","species1"
"sample_892","species3"
"sample_893","species4"
"sample_894","species3"
"sample_895","species1"
"sample_896","species4"
"sample_897","species3"
"sample_898","species1"
"sample_899","species4"
"sample_900","species3"
"sample_901","species2"
"sample_902","species3"
"sample_903","species2"
"sample_904","species2"
"sample_905","species3"
"sample_906","species2"
"sample_907","species1"
"sample_908","species4"
"sample_909","species3"
"sample_910","species1"
"sample_911","species3"
"sample_912","species3"
"sample_913","species2"
"sample_914","species3"
"sample_915","species3"
"sample_916","species1"
"sample_917","species4"
"sample_918","species1"
"sample_919","species2"
"sample_920","species2"
"sample_921","species2"
"sample_922","species1"
"sample_923","species1"
"sample_924","species2"
"sample_925","species2"
"sample_926","species2"
"sample_927","species1"
"sample_928","species3"
"sample_929","species4"
"sample_930","species3"
"sample_931","species4"
"sample_932","species2"
"sample_933","species2"
"sample_934","species2"
"sample_935","species3"
"sample_936","species1"
"sample_937","species3"
"sample_938","species2"
"sample_939","species2"
"sample_940","species3"
"sample_941","species4"
"sample_942","species3"
"sample_943","species2"
"sample_944","species4"
"sample_945","species1"
"sample_946","species2"
"sample_947","species3"
"sample_948","species2"
"sample_949","species2"
"sample_950","species2"
"sample_951","species2"
"sample_952","species3"
"sample_953","species3"
"sample_954","species2"
"sample_955","species1"
"sample_956","species3"
"sample_957","species2"
"sample_958","species2"
"sample_959","species3"
"sample_960","species3"
"sample_961","species3"
"sample_962","species3"
"sample_963","species2"
"sample_964","species4"
"sample_965","species2"
"sample_966","species3"
"sample_967","species4"
"sample_968","species3"
"sample_969","species3"
"sample_970","species1"
"sample_971","species3"
"sample_972","species4"
"sample_973","species1"
"sample_974","species4"
"sample_975","species1"
"sample_976","species1"
"sample_977","species4"
"sample_978","species2"
"sample_979","species3"
"sample_980","species3"
"sample_981","species2"
"sample_982","species2"
"sample_983","species1"
"sample_984","species2"
"sample_985","species3"
"sample_986","species4"
"sample_987","species2"
"sample_988","species2"
"sample_989","species2"
"sample_990","species1"
"sample_991","species3"
"sample_992","species3"
"sample_993","species2"
"sample_994","species1"
"sample_995","species4"
"sample_996","species2"
"sample_997","species3"
"sample_998","species2"
"sample_999","species3"
"sample_1000","species1"
"sample_1001","species2"
"sample_1002","species3"
"sample_1003","species3"
"sample_1004","species4"
"sample_1005","species1"
"sample_1006","species2"
"sample_1007","species4"
"sample_1008","species2"
"sample_1009","species2"
"sample_1010","species2"
"sample_1011","species3"
"sample_1012","species3"
"sample_1013","species2"
"sample_1014","species3"
"sample_1015","species2"
"sample_1016","species1"
"sample_1017","species1"
"sample_1018","species3"
"sample_1019","species2"
"sample_1020","species2"
"sample_1021","species1"
"sample_1022","species1"
"sample_1023","species2"
"sample_1024","species2"
"sample_1025","species3"
"sample_1026","species1"
"sample_1027","species3"
"sample_1028","species3"
"sample_1029","species4"
"sample_1030","species1"
"sample_1031","species2"
"sample_1032","species1"
"sample_1033","species4"
"sample_1034","species3"
"sample_1035","species2"
"sample_1036","species3"
"sample_1037","species3"
"sample_1038","species2"
"sample_1039","species2"
"sample_1040","species1"
"sample_1041","species4"
"sample_1042","species4"
"sample_1043","species2"
"sample_1044","species2"
"sample_1045","species2"
"sample_1046","species1"
"sample_1047","species3"
"sample_1048","species3"
"sample_1049","species1"
"sample_1050","species2"
"sample_1051","species3"
"sample_1052","species3"
"sample_1053","species2"
"sample_1054","species4"
"sample_1055","species2"
"sample_1056","species4"
"sample_1057","species3"
"sample_1058","species1"
"sample_1059","species1"
"sample_1060","species1"
"sample_1061","species1"
"sample_1062","species1"
"sample_1063","species4"
"sample_1064","species1"
"sample_1065","species1"
"sample_1066","species3"
"sample_1067","species2"
"sample_1068","species1"
"sample_1069","species2"
"sample_1070","species3"
"sample_1071","species3"
"sample_1072","species3"
"sample_1073","species3"
"sample_1074","species4"
"sample_1075","species1"
"sample_1076","species2"
"sample_1077","species1"
"sample_1078","species3"
"sample_1079","species3"
"sample_1080","species1"
"sample_1081","species3"
"sample_1082","species2"
"sample_1083","species4"
"sample_1084","species3"
"sample_1085","species2"
"sample_1086","species2"
"sample_1087","species3"
"sample_1088","species1"
"sample_1089","species1"
"sample_1090","species1"
"sample_1091","species3"
"sample_1092","species2"
"sample_1093","species2"
"sample_1094","species4"
"sample_1095","species2"
"sample_1096","species2"
"sample_1097","species3"
"sample_1098","species2"
"sample_1099","species4"
"sample_1100","species2"
"sample_1101","species3"
"sample_1102","species3"
"sample_1103","species3"
"sample_1104","species2"
"sample_1105","species2"
"sample_1106","species2"
"sample_1107","species2"
"sample_1108","species1"
"sample_1109","species3"
"sample_1110","species2"
"sample_1111","species2"
"sample_1112","species1"
"sample_1113","species2"
"sample_1114","species1"
"sample_1115","species3"
"sample_1116","species1"
"sample_1117","species3"
"sample_1118","species3"
"sample_1119","species2"
"sample_1120","species1"
"sample_1121","species3"
"sample_1122","species1"
"sample_1123","species1"
"sample_1124","species3"
"sample_1125","species3"
"sample_1126","species2"
"sample_1127","species3"
"sample_1128","species2"
"sample_1129","species3"
"sample_1130","species2"
"sample_1131","species1"
"sample_1132","species3"
"sample_1133","species3"
"sample_1134","species4"
"sample_1135","species3"
"sample_1136","species3"
"sample_1137","species1"
"sample_1138","species1"
"sample_1139","species1"
"sample_1140","species1"
"sample_1141","species3"
"sample_1142","species2"
"sample_1143","species3"
"sample_1144","species2"
"sample_1145","species3"
"sample_1146","species1"
"sample_1147","species3"
"sample_1148","species3"
"sample_1149","species3"
"sample_1150","species3"
"sample_1151","species1"
"sample_1152","species1"
"sample_1153","species1"
"sample_1154","species1"
"sample_1155","species3"
"sample_1156","species3"
"sample_1157","species3"
"sample_1158","species1"
"sample_1159","species2"
"sample_1160","species1"
"sample_1161","species1"
"sample_1162","species3"
"sample_1163","species2"
"sample_1164","species3"
"sample_1165","species2"
"sample_1166","species4"
"sample_1167","species3"
"sample_1168","species3"
"sample_1169","species4"
"sample_1170","species3"
"sample_1171","species2"
"sample_1172","species4"
"sample_1173","species2"
"sample_1174","species2"
"sample_1175","species3"
"sample_1176","species2"
"sample_1177","species2"
"sample_1178","species2"
"sample_1179","species3"
"sample_1180","species2"
"sample_1181","species3"
"sample_1182","species2"
"sample_1183","species4"
"sample_1184","species3"
"sample_1185","species2"
"sample_1186","species3"
"sample_1187","species4"
"sample_1188","species2"
"sample_1189","species2"
"sample_1190","species2"
"sample_1191","species3"
"sample_1192","species1"
"sample_1193","species4"
"sample_1194","species2"
"sample_1195","species2"
"sample_1196","species2"
"sample_1197","species4"
"sample_1198","species1"
"sample_1199","species4"
"sample_1200","species2"
"sample_1201","species4"
"sample_1202","species3"
"sample_1203","species1"
"sample_1204","species2"
"sample_1205","species1"
"sample_1206","species2"
"sample_1207","species1"
"sample_1208","species2"
"sample_1209","species2"
"sample_1210","species2"
"sample_1211","species4"
"sample_1212","species1"
"sample_1213","species3"
"sample_1214","species1"
"sample_1215","species4"
"sample_1216","species2"
"sample_1217","species3"
"sample_1218","species2"
"sample_1219","species2"
"sample_1220","species3"
"sample_1221","species2"
"sample_1222","species4"
"sample_1223","species3"
"sample_1224","species4"
"sample_1225","species1"
"sample_1226","species3"
"sample_1227","species2"
"sample_1228","species4"
"sample_1229","species4"
"sample_1230","species1"
"sample_1231","species4"
"sample_1232","species3"
"sample_1233","species3"
"sample_1234","species2"
"sample_1235","species4"
"sample_1236","species2"
"sample_1237","species2"
"sample_1238","species3"
"sample_1239","species1"
"sample_1240","species3"
"sample_1241","species2"
"sample_1242","species3"
"sample_1243","species1"
"sample_1244","species2"
"sample_1245","species2"
"sample_1246","species4"
"sample_1247","species4"
"sample_1248","species3"
"sample_1249","species3"
"sample_1250","species3"
"sample_1251","species3"
"sample_1252","species3"
"sample_1253","species1"
"sample_1254","species2"
"sample_1255","species3"
"sample_1256","species3"
"sample_1257","species2"
"sample_1258","species2"
"sample_1259","species2"
"sample_1260","species2"
"sample_1261","species3"
"sample_1262","species3"
"sample_1263","species3"
"sample_1264","species2"
"sample_1265","species2"
"sample_1266","species3"
"sample_1267","species3"
"sample_1268","species1"
"sample_1269","species3"
"sample_1270","species2"
"sample_1271","species4"
"sample_1272","species3"
"sample_1273","species3"
"sample_1274","species4"
"sample_1275","species1"
"sample_1276","species2"
"sample_1277","species3"
"sample_1278","species2"
"sample_1279","species3"
"sample_1280","species2"
"sample_1281","species1"
"sample_1282","species2"
"sample_1283","species3"
"sample_1284","species1"
"sample_1285","species3"
"sample_1286","species2"
"sample_1287","species2"
"sample_1288","species2"
"sample_1289","species3"
"sample_1290","species4"
"sample_1291","species1"
"sample_1292","species3"
"sample_1293","species1"
"sample_1294","species2"
"sample_1295","species4"
"sample_1296","species2"
"sample_1297","species2"
"sample_1298","species3"
"sample_1299","species2"
"sample_1300","species3"
"sample_1301","species3"
"sample_1302","species1"
"sample_1303","species2"
"sample_1304","species2"
"sample_1305","species2"
"sample_1306","species4"
"sample_1307","species3"
"sample_1308","species2"
"sample_1309","species3"
"sample_1310","species2"
"sample_1311","species1"
"sample_1312","species2"
"sample_1313","species2"
"sample_1314","species4"
"sample_1315","species3"
"sample_1316","species1"
"sample_1317","species3"
"sample_1318","species2"
"sample_1319","species1"
"sample_1320","species3"
"sample_1321","species1"
"sample_1322","species4"
"sample_1323","species4"
"sample_1324","species4"
"sample_1325","species2"
"sample_1326","species1"
"sample_1327","species2"
"sample_1328","species3"
"sample_1329","species3"
"sample_1330","species4"
"sample_1331","species2"
"sample_1332","species3"
"sample_1333","species1"
"sample_1334","species3"
"sample_1335","species2"
"sample_1336","species2"
"sample_1337","species2"
"sample_1338","species3"
"sample_1339","species1"
"sample_1340","species2"
"sample_1341","species3"
"sample_1342","species2"
"sample_1343","species1"
"sample_1344","species2"
"sample_1345","species2"
"sample_1346","species2"
"sample_1347","species2"
"sample_1348","species2"
"sample_1349","species2"
"sample_1350","species3"
"sample_1351","species4"
"sample_1352","species3"
"sample_1353","species2"
"sample_1354","species4"
"sample_1355","species3"
"sample_1356","species1"
"sample_1357","species1"
"sample_1358","species2"
"sample_1359","species4"
"sample_1360","species3"
"sample_1361","species2"
"sample_1362","species3"
"sample_1363","species2"
"sample_1364","species3"
"sample_1365","species1"
"sample_1366","species3"
"sample_1367","species2"
"sample_1368","species3"
"sample_1369","species2"
"sample_1370","species1"
"sample_1371","species4"
"sample_1372","species1"
"sample_1373","species3"
"sample_1374","species3"
"sample_1375","species3"
"sample_1376","species2"
"sample_1377","species2"
"sample_1378","species1"
"sample_1379","species1"
"sample_1380","species1"
"sample_1381","species2"
"sample_1382","species2"
"sample_1383","species2"
"sample_1384","species4"
"sample_1385","species3"
"sample_1386","species2"
"sample_1387","species2"
"sample_1388","species1"
"sample_1389","species3"
"sample_1390","species3"
"sample_1391","species3"
"sample_1392","species1"
"sample_1393","species2"
"sample_1394","species3"
"sample_1395","species2"
"sample_1396","species2"
"sample_1397","species2"
"sample_1398","species2"
"sample_1399","species2"
"sample_1400","species1"
"sample_1401","species3"
"sample_1402","species2"
"sample_1403","species2"
"sample_1404","species2"
"sample_1405","species4"
"sample_1406","species1"
"sample_1407","species3"
"sample_1408","species3"
"sample_1409","species2"
"sample_1410","species2"
"sample_1411","species2"
"sample_1412","species1"
"sample_1413","species1"
"sample_1414","species3"
"sample_1415","species4"
"sample_1416","species4"
"sample_1417","species2"
"sample_1418","species3"
"sample_1419","species1"
"sample_1420","species3"
"sample_1421","species3"
"sample_1422","species2"
"sample_1423","species3"
"sample_1424","species3"
"sample_1425","species3"
"sample_1426","species3"
"sample_1427","species3"
"sample_1428","species3"
"sample_1429","species3"
"sample_1430","species2"
"sample_1431","species3"
"sample_1432","species3"
"sample_1433","species2"
"sample_1434","species1"
"sample_1435","species1"
"sample_1436","species1"
"sample_1437","species2"
"sample_1438","species3"
"sample_1439","species3"
"sample_1440","species4"
"sample_1441","species2"
"sample_1442","species4"
"sample_1443","species3"
"sample_1444","species1"
"sample_1445","species2"
"sample_1446","species2"
"sample_1447","species3"
"sample_1448","species1"
"sample_1449","species1"
"sample_1450","species2"
"sample_1451","species3"
"sample_1452","species2"
"sample_1453","species2"
"sample_1454","species2"
"sample_1455","species4"
"sample_1456","species2"
"sample_1457","species2"
"sample_1458","species2"
"sample_1459","species2"
"sample_1460","species2"
"sample_1461","species2"
"sample_1462","species2"
"sample_1463","species2"
"sample_1464","species1"
"sample_1465","species4"
"sample_1466","species3"
"sample_1467","species2"
"sample_1468","species4"
"sample_1469","species3"
"sample_1470","species2"
"sample_1471","species1"
"sample_1472","species3"
"sample_1473","species2"
"sample_1474","species3"
"sample_1475","species1"
"sample_1476","species1"
"sample_1477","species1"
"sample_1478","species4"
"sample_1479","species1"
"sample_1480","species3"
"sample_1481","species3"
"sample_1482","species3"
"sample_1483","species4"
"sample_1484","species2"
"sample_1485","species4"
"sample_1486","species1"
"sample_1487","species3"
"sample_1488","species2"
"sample_1489","species2"
"sample_1490","species2"
"sample_1491","species3"
"sample_1492","species3"
"sample_1493","species2"
"sample_1494","species2"
"sample_1495","species3"
"sample_1496","species4"
"sample_1497","species2"
"sample_1498","species3"
"sample_1499","species4"
"sample_1500","species4"
"sample_1501","species2"
"sample_1502","species3"
"sample_1503","species1"
"sample_1504","species1"
"sample_1505","species3"
"sample_1506","species1"
"sample_1507","species2"
"sample_1508","species4"
"sample_1509","species2"
"sample_1510","species2"
"sample_1511","species2"
"sample_1512","species3"
"sample_1513","species2"
"sample_1514","species2"
"sample_1515","species4"
"sample_1516","species1"
"sample_1517","species1"
"sample_1518","species2"
"sample_1519","species3"
"sample_1520","species1"
"sample_1521","species3"
"sample_1522","species2"
"sample_1523","species2"
"sample_1524","species3"
"sample_1525","species3"
"sample_1526","species2"
"sample_1527","species3"
"sample_1528","species2"
"sample_1529","species1"
"sample_1530","species3"
"sample_1531","species2"
"sample_1532","species3"
"sample_1533","species1"
"sample_1534","species2"
"sample_1535","species2"
"sample_1536","species2"
"sample_1537","species1"
"sample_1538","species3"
"sample_1539","species3"
"sample_1540","species2"
"sample_1541","species3"
"sample_1542","species3"
"sample_1543","species3"
"sample_1544","species3"
"sample_1545","species3"
"sample_1546","species3"
"sample_1547","species2"
"sample_1548","species1"
"sample_1549","species2"
"sample_1550","species2"
"sample_1551","species2"
"sample_1552","species2"
"sample_1553","species2"
"sample_1554","species1"
"sample_1555","species2"
"sample_1556","species3"
"sample_1557","species4"
"sample_1558","species4"
"sample_1559","species3"
"sample_1560","species1"
"sample_1561","species3"
"sample_1562","species2"
"sample_1563","species1"
"sample_1564","species2"
"sample_1565","species2"
"sample_1566","species3"
"sample_1567","species3"
"sample_1568","species3"
"sample_1569","species4"
"sample_1570","species3"
"sample_1571","species2"
"sample_1572","species2"
"sample_1573","species2"
"sample_1574","species2"
"sample_1575","species2"
"sample_1576","species3"
"sample_1577","species3"
"sample_1578","species2"
"sample_1579","species3"
"sample_1580","species2"
"sample_1581","species4"
"sample_1582","species3"
"sample_1583","species1"
"sample_1584","species2"
"sample_1585","species2"
"sample_1586","species1"
"sample_1587","species4"
"sample_1588","species2"
"sample_1589","species1"
"sample_1590","species1"
"sample_1591","species3"
"sample_1592","species3"
"sample_1593","species1"
"sample_1594","species4"
"sample_1595","species3"
"sample_1596","species1"
"sample_1597","species1"
"sample_1598","species2"
"sample_1599","species4"
"sample_1600","species3"
"sample_1601","species1"
"sample_1602","species2"
"sample_1603","species2"
"sample_1604","species4"
"sample_1605","species3"
"sample_1606","species2"
"sample_1607","species2"
"sample_1608","species4"
"sample_1609","species4"
"sample_1610","species3"
"sample_1611","species4"
"sample_1612","species4"
"sample_1613","species3"
"sample_1614","species3"
"sample_1615","species4"
"sample_1616","species2"
"sample_1617","species1"
"sample_1618","species3"
"sample_1619","species1"
"sample_1620","species2"
"sample_1621","species3"
"sample_1622","species3"
"sample_1623","species4"
"sample_1624","species1"
"sample_1625","species2"
"sample_1626","species4"
"sample_1627","species2"
"sample_1628","species1"
"sample_1629","species2"
"sample_1630","species3"
"sample_1631","species2"
"sample_1632","species2"
"sample_1633","species3"
"sample_1634","species1"
"sample_1635","species1"
"sample_1636","species2"
"sample_1637","species3"
"sample_1638","species3"
"sample_1639","species4"
"sample_1640","species3"
"sample_1641","species4"
"sample_1642","species4"
"sample_1643","species2"
"sample_1644","species3"
"sample_1645","species4"
"sample_1646","species1"
"sample_1647","species3"
"sample_1648","species1"
"sample_1649","species3"
"sample_1650","species3"
"sample_1651","species1"
"sample_1652","species3"
"sample_1653","species1"
"sample_1654","species1"
"sample_1655","species3"
"sample_1656","species4"
"sample_1657","species3"
"sample_1658","species3"
"sample_1659","species2"
"sample_1660","species2"
"sample_1661","species3"
"sample_1662","species3"
"sample_1663","species2"
"sample_1664","species2"
"sample_1665","species2"
"sample_1666","species1"
"sample_1667","species2"
"sample_1668","species1"
"sample_1669","species3"
"sample_1670","species1"
"sample_1671","species2"
"sample_1672","species4"
"sample_1673","species3"
"sample_1674","species1"
"sample_1675","species2"
"sample_1676","species2"
"sample_1677","species3"
"sample_1678","species4"
"sample_1679","species4"
"sample_1680","species4"
"sample_1681","species2"
"sample_1682","species2"
"sample_1683","species3"
"sample_1684","species3"
"sample_1685","species2"
"sample_1686","species3"
"sample_1687","species4"
"sample_1688","species3"
"sample_1689","species3"
"sample_1690","species1"
"sample_1691","species2"
"sample_1692","species3"
"sample_1693","species2"
"sample_1694","species1"
"sample_1695","species1"
"sample_1696","species4"
"sample_1697","species3"
"sample_1698","species3"
"sample_1699","species3"
"sample_1700","species3"
"sample_1701","species2"
"sample_1702","species1"
"sample_1703","species1"
"sample_1704","species2"
"sample_1705","species2"
"sample_1706","species3"
"sample_1707","species3"
"sample_1708","species1"
"sample_1709","species4"
"sample_1710","species2"
"sample_1711","species3"
"sample_1712","species2"
"sample_1713","species3"
"sample_1714","species2"
"sample_1715","species4"
"sample_1716","species3"
"sample_1717","species1"
"sample_1718","species3"
"sample_1719","species2"
"sample_1720","species4"
"sample_1721","species3"
"sample_1722","species2"
"sample_1723","species1"
"sample_1724","species2"
"sample_1725","species3"
"sample_1726","species3"
"sample_1727","species1"
"sample_1728","species1"
"sample_1729","species2"
"sample_1730","species2"
"sample_1731","species2"
"sample_1732","species1"
"sample_1733","species2"
"sample_1734","species3"
"sample_1735","species1"
"sample_1736","species4"
"sample_1737","species2"
"sample_1738","species2"
"sample_1739","species2"
"sample_1740","species3"
"sample_1741","species2"
"sample_1742","species3"
"sample_1743","species1"
"sample_1744","species2"
"sample_1745","species2"
"sample_1746","species4"
"sample_1747","species2"
"sample_1748","species4"
"sample_1749","species4"
"sample_1750","species1"
"sample_1751","species1"
"sample_1752","species2"
"sample_1753","species2"
"sample_1754","species3"
"sample_1755","species2"
"sample_1756","species3"
"sample_1757","species2"
"sample_1758","species3"
"sample_1759","species3"
"sample_1760","species1"
"sample_1761","species3"
"sample_1762","species2"
"sample_1763","species1"
"sample_1764","species3"
"sample_1765","species3"
"sample_1766","species4"
"sample_1767","species3"
"sample_1768","species3"
"sample_1769","species3"
"sample_1770","species2"
"sample_1771","species1"
"sample_1772","species4"
"sample_1773","species4"
"sample_1774","species1"
"sample_1775","species3"
"sample_1776","species4"
"sample_1777","species4"
"sample_1778","species2"
"sample_1779","species1"
"sample_1780","species1"
"sample_1781","species4"
"sample_1782","species3"
"sample_1783","species2"
"sample_1784","species1"
"sample_1785","species3"
"sample_1786","species2"
"sample_1787","species3"
"sample_1788","species4"
"sample_1789","species2"
"sample_1790","species2"
"sample_1791","species3"
"sample_1792","species4"
"sample_1793","species1"
"sample_1794","species1"
"sample_1795","species2"
"sample_1796","species3"
"sample_1797","species3"
"sample_1798","species3"
"sample_1799","species1"
"sample_1800","species2"
"sample_1801","species1"
"sample_1802","species2"
"sample_1803","species2"
"sample_1804","species2"
"sample_1805","species1"
"sample_1806","species2"
"sample_1807","species1"
"sample_1808","species2"
"sample_1809","species3"
"sample_1810","species2"
"sample_1811","species1"
"sample_1812","species4"
"sample_1813","species3"
"sample_1814","species2"
"sample_1815","species3"
"sample_1816","species1"
"sample_1817","species3"
"sample_1818","species2"
"sample_1819","species1"
"sample_1820","species3"
"sample_1821","species1"
"sample_1822","species1"
"sample_1823","species4"
"sample_1824","species3"
"sample_1825","species3"
"sample_1826","species1"
"sample_1827","species2"
"sample_1828","species1"
"sample_1829","species4"
"sample_1830","species3"
"sample_1831","species3"
"sample_1832","species3"
"sample_1833","species1"
"sample_1834","species2"
"sample_1835","species3"
"sample_1836","species2"
"sample_1837","species2"
"sample_1838","species4"
"sample_1839","species1"
"sample_1840","species3"
"sample_1841","species2"
"sample_1842","species4"
"sample_1843","species3"
"sample_1844","species4"
"sample_1845","species4"
"sample_1846","species2"
"sample_1847","species2"
"sample_1848","species4"
"sample_1849","species1"
"sample_1850","species3"
"sample_1851","species2"
"sample_1852","species4"
"sample_1853","species2"
"sample_1854","species2"
"sample_1855","species3"
"sample_1856","species2"
"sample_1857","species3"
"sample_1858","species3"
"sample_1859","species4"
"sample_1860","species2"
"sample_1861","species2"
"sample_1862","species4"
"sample_1863","species2"
"sample_1864","species3"
"sample_1865","species3"
"sample_1866","species1"
"sample_1867","species3"
"sample_1868","species3"
"sample_1869","species4"
"sample_1870","species2"
"sample_1871","species3"
"sample_1872","species1"
"sample_1873","species3"
"sample_1874","species1"
"sample_1875","species3"
"sample_1876","species3"
"sample_1877","species1"
"sample_1878","species3"
"sample_1879","species3"
"sample_1880","species3"
"sample_1881","species2"
"sample_1882","species3"
"sample_1883","species4"
"sample_1884","species4"
"sample_1885","species2"
"sample_1886","species3"
"sample_1887","species2"
"sample_1888","species2"
"sample_1889","species3"
"sample_1890","species3"
"sample_1891","species2"
"sample_1892","species2"
"sample_1893","species2"
"sample_1894","species2"
"sample_1895","species3"
"sample_1896","species3"
"sample_1897","species3"
"sample_1898","species3"
"sample_1899","species2"
"sample_1900","species2"
"sample_1901","species2"
"sample_1902","species3"
"sample_1903","species2"
"sample_1904","species2"
"sample_1905","species1"
"sample_1906","species3"
"sample_1907","species2"
"sample_1908","species4"
"sample_1909","species3"
"sample_1910","species2"
"sample_1911","species1"
"sample_1912","species3"
"sample_1913","species2"
"sample_1914","species1"
"sample_1915","species2"
"sample_1916","species3"
"sample_1917","species2"
"sample_1918","species2"
"sample_1919","species2"
"sample_1920","species2"
"sample_1921","species3"
"sample_1922","species2"
"sample_1923","species3"
"sample_1924","species1"
"sample_1925","species3"
"sample_1926","species2"
"sample_1927","species4"
"sample_1928","species1"
"sample_1929","species2"
"sample_1930","species2"
"sample_1931","species2"
"sample_1932","species3"
"sample_1933","species1"
"sample_1934","species1"
"sample_1935","species3"
"sample_1936","species3"
"sample_1937","species2"
"sample_1938","species4"
"sample_1939","species3"
"sample_1940","species1"
"sample_1941","species2"
"sample_1942","species2"
"sample_1943","species3"
"sample_1944","species2"
"sample_1945","species1"
"sample_1946","species1"
"sample_1947","species2"
"sample_1948","species2"
"sample_1949","species3"
"sample_1950","species2"
"sample_1951","species3"
"sample_1952","species1"
"sample_1953","species2"
"sample_1954","species1"
"sample_1955","species1"
"sample_1956","species3"
"sample_1957","species2"
"sample_1958","species3"
"sample_1959","species4"
"sample_1960","species4"
"sample_1961","species1"
"sample_1962","species1"
"sample_1963","species2"
"sample_1964","species3"
"sample_1965","species4"
"sample_1966","species2"
"sample_1967","species4"
"sample_1968","species1"
"sample_1969","species4"
"sample_1970","species3"
"sample_1971","species1"
"sample_1972","species3"
"sample_1973","species2"
"sample_1974","species3"
"sample_1975","species1"
"sample_1976","species1"
"sample_1977","species3"
"sample_1978","species3"
"sample_1979","species2"
"sample_1980","species2"
"sample_1981","species3"
"sample_1982","species4"
"sample_1983","species1"
"sample_1984","species1"
"sample_1985","species2"
"sample_1986","species1"
"sample_1987","species2"
"sample_1988","species4"
"sample_1989","species3"
"sample_1990","species1"
"sample_1991","species1"
"sample_1992","species1"
"sample_1993","species3"
"sample_1994","species3"
"sample_1995","species3"
"sample_1996","species1"
"sample_1997","species1"
"sample_1998","species3"
"sample_1999","species2"
"sample_2000","species2"
"sample_2001","species1"
"sample_2002","species1"
"sample_2003","species3"
"sample_2004","species3"
"sample_2005","species3"
"sample_2006","species3"
"sample_2007","species1"
"sample_2008","species2"
"sample_2009","species1"
"sample_2010","species1"
"sample_2011","species2"
"sample_2012","species4"
"sample_2013","species3"
"sample_2014","species2"
"sample_2015","species3"
"sample_2016","species1"
"sample_2017","species2"
"sample_2018","species2"
"sample_2019","species3"
"sample_2020","species2"
"sample_2021","species3"
"sample_2022","species1"
"sample_2023","species2"
"sample_2024","species3"
"sample_2025","species4"
"sample_2026","species4"
"sample_2027","species2"
"sample_2028","species1"
"sample_2029","species2"
"sample_2030","species3"
"sample_2031","species1"
"sample_2032","species1"
"sample_2033","species4"
"sample_2034","species1"
"sample_2035","species2"
"sample_2036","species2"
"sample_2037","species4"
"sample_2038","species2"
"sample_2039","species3"
"sample_2040","species2"
"sample_2041","species1"
"sample_2042","species1"
"sample_2043","species3"
"sample_2044","species1"
"sample_2045","species3"
"sample_2046","species2"
"sample_2047","species2"
"sample_2048","species1"
"sample_2049","species2"
"sample_2050","species2"
"sample_2051","species2"
"sample_2052","species3"
"sample_2053","species2"
"sample_2054","species2"
"sample_2055","species3"
"sample_2056","species2"
"sample_2057","species4"
"sample_2058","species3"
"sample_2059","species1"
"sample_2060","species1"
"sample_2061","species2"
"sample_2062","species2"
"sample_2063","species1"
"sample_2064","species2"
"sample_2065","species3"
"sample_2066","species3"
"sample_2067","species2"
"sample_2068","species1"
"sample_2069","species2"
"sample_2070","species4"
"sample_2071","species3"
"sample_2072","species3"
"sample_2073","species2"
"sample_2074","species2"
"sample_2075","species1"
"sample_2076","species3"
"sample_2077","species2"
"sample_2078","species3"
"sample_2079","species1"
"sample_2080","species3"
"sample_2081","species2"
"sample_2082","species1"
"sample_2083","species3"
"sample_2084","species3"
"sample_2085","species1"
"sample_2086","species3"
"sample_2087","species3"
"sample_2088","species3"
"sample_2089","species3"
"sample_2090","species2"
"sample_2091","species3"
"sample_2092","species1"
"sample_2093","species1"
"sample_2094","species2"
"sample_2095","species3"
"sample_2096","species1"
"sample_2097","species3"
"sample_2098","species3"
"sample_2099","species1"
"sample_2100","species3"
"sample_2101","species2"
"sample_2102","species1"
"sample_2103","species2"
"sample_2104","species4"
"sample_2105","species2"
"sample_2106","species1"
"sample_2107","species2"
"sample_2108","species2"
"sample_2109","species4"
"sample_2110","species2"
"sample_2111","species3"
"sample_2112","species2"
"sample_2113","species1"
"sample_2114","species1"
"sample_2115","species2"
"sample_2116","species3"
"sample_2117","species2"
"sample_2118","species3"
"sample_2119","species3"
"sample_2120","species3"
"sample_2121","species3"
"sample_2122","species3"
"sample_2123","species2"
"sample_2124","species1"
"sample_2125","species4"
"sample_2126","species2"
"sample_2127","species4"
"sample_2128","species3"
"sample_2129","species4"
"sample_2130","species4"
"sample_2131","species3"
"sample_2132","species3"
"sample_2133","species2"
"sample_2134","species3"
"sample_2135","species3"
"sample_2136","species3"
"sample_2137","species4"
"sample_2138","species4"
"sample_2139","species3"
"sample_2140","species2"
"sample_2141","species3"
"sample_2142","species2"
"sample_2143","species4"
"sample_2144","species1"
"sample_2145","species4"
"sample_2146","species1"
"sample_2147","species2"
"sample_2148","species3"
"sample_2149","species2"
"sample_2150","species2"
"sample_2151","species2"
"sample_2152","species2"
"sample_2153","species1"
"sample_2154","species4"
"sample_2155","species4"
"sample_2156","species2"
"sample_2157","species1"
"sample_2158","species3"
"sample_2159","species2"
"sample_2160","species2"
"sample_2161","species3"
"sample_2162","species4"
"sample_2163","species4"
"sample_2164","species3"
"sample_2165","species4"
"sample_2166","species3"
"sample_2167","species3"
"sample_2168","species1"
"sample_2169","species4"
"sample_2170","species3"
"sample_2171","species3"
"sample_2172","species1"
"sample_2173","species1"
"sample_2174","species3"
"sample_2175","species1"
"sample_2176","species1"
"sample_2177","species2"
"sample_2178","species4"
"sample_2179","species1"
"sample_2180","species2"
"sample_2181","species3"
"sample_2182","species3"
"sample_2183","species3"
"sample_2184","species2"
"sample_2185","species1"
"sample_2186","species2"
"sample_2187","species1"
"sample_2188","species4"
"sample_2189","species2"
"sample_2190","species3"
"sample_2191","species3"
"sample_2192","species2"
"sample_2193","species3"
"sample_2194","species3"
"sample_2195","species1"
"sample_2196","species3"
"sample_2197","species1"
"sample_2198","species1"
"sample_2199","species3"
"sample_2200","species1"
"sample_2201","species2"
"sample_2202","species1"
"sample_2203","species1"
"sample_2204","species3"
"sample_2205","species4"
"sample_2206","species2"
"sample_2207","species2"
"sample_2208","species3"
"sample_2209","species2"
"sample_2210","species3"
"sample_2211","species3"
"sample_2212","species1"
"sample_2213","species2"
"sample_2214","species2"
"sample_2215","species2"
"sample_2216","species2"
"sample_2217","species2"
"sample_2218","species2"
"sample_2219","species3"
"sample_2220","species2"
"sample_2221","species4"
"sample_2222","species2"
"sample_2223","species4"
"sample_2224","species1"
"sample_2225","species2"
"sample_2226","species3"
"sample_2227","species1"
"sample_2228","species1"
"sample_2229","species3"
"sample_2230","species2"
"sample_2231","species3"
"sample_2232","species1"
"sample_2233","species1"
"sample_2234","species2"
"sample_2235","species2"
"sample_2236","species3"
"sample_2237","species3"
"sample_2238","species2"
"sample_2239","species3"
"sample_2240","species1"
"sample_2241","species1"
"sample_2242","species3"
"sample_2243","species2"
"sample_2244","species2"
"sample_2245","species2"
"sample_2246","species2"
"sample_2247","species2"
"sample_2248","species3"
"sample_2249","species1"
"sample_2250","species1"
